mapping_status	source_chrom	source_pos	source_alleles	flip	swap	liftover_hg38_chrom	liftover_hg38_pos	bcftools_hg38_chrom	bcftools_hg38_pos	bcftools_hg38_ref	bcftools_hg38_alt	pos_match	gt_match
UNIQUE	1	878175	AG,A	no_flip	NA	1	942795	chr1	942795	AG	A	TRUE	TRUE
UNIQUE	1	935100	G,A	no_flip	NA	1	999720	chr1	999720	G	A	TRUE	TRUE
UNIQUE	1	1219397	C,T	no_flip	NA	1	1284017	chr1	1284017	C	T	TRUE	TRUE
UNIQUE	1	1451947	CACACCTGGCTAATTTTTATATTTTTAGTAGAGTCGGGGTTTCACCATGTTGGCCAGCCTGGTCTTGAACTCCTGACTTCAAGTGATCCACCTGCCTCGGCCTCCCAAAGTGCTGGGATTACAGGCTTGTGCCACTGTGCCTGCCTTGTTTCATATTATTATTTTTTTATAGACAGAGTCTTAGTCTGTCTTCCAGGCCGGTGTGCAGTGGCGTGATCTCAGCTCACCGCAACCTCTACCTCCCGGGTTCAACCTCTTTCCTCAGCCTCCGAGCAGCTGGGACTACAAGAGCCCGCCACCACATCTGGCTAATTTTTGTATTTTTAGTAGAGATGGGGTTTCACCATGTTGTTCAGGCTGGTCTCGAACTACTAACCTCAGTTGATCCACCCACTTTGGCCTCCCAAAGTGCTGGGATTATAAGCGAGAGCCGTCGCACCCGGTCCACTCAGCAGGATTCCTAAAATAAGCATGAGCTCTGCCCTCAGTGCAGTCCAAAAGGGGGTGTCCGGCCTCCCTCCCGGGGGGCCTTCGCGGGCTTCTGCTGGTGCTTCTGTGCCTGTGGGTCTGGATTCCTCCAGGGCCTGATCCTGGGTGCAGATGCGGCTGGAAGCCCTGAGCCTGCTGCACACACTAGTCTGGGCATGGAGTCTCTGCCGTGCCGGAGCCGTGCAGACACAGGAGCGGCTGTCAGGCAGTGCCAGCCCTGAGCAAGTGCCAGCTGGTGAGTGCTGTGCTCTGCAGGAGTATGAGGCCGCCGTGGAGCAGCTCAAGAGCGAGCAGATCCGGGCGCAGGCTGAGGAGAGGAGGAAGACCCTGAGCGAGGAGACCCGGCAGCACCAGGCCGTAAGAGCGCAAGAGGCCGCGAGGGAGGCCGCCCGGCTGCGGGGAGCGGCCTGGGGCAGGACTGGGAGCTGGGTGTGGTCCCGGGGCACTCTGGAGTCAGCCATTAGAGCTGCCCTCGGAACGGCCTTGCACAAACGCCTAAGACCTGTAAGGTCCCTCACTGCTGAGCCGGACGGGAGGTCCCCGCGCCTCCCCACGTTTGTGTGAGGCTGATGGCGCGTCGGAGTCCCCGGCGCTCCGCCCAGTCGGCCCAGACTGCAGCTCCCGGCTGAGATGTGTCTTTGCCGCCCTCTTCTCCCCCAGAGGGCCCAGTATCAAGACAAGCTGGCCCGGCAGCGCTACGAGGACCAACTGAAGCAGCAGGTGAGCTCAGCCTCCCCTGCGAGGCGCCTGCGTCCCTGAGAACGTAGGTGGCTTTGTGGGACCAGTCAGTGGGTCAGAGGCCACGGGGCAAGAACGCTGGGGTTGCTGACGGTGGGTGCTAGAGCAGGGGAAACTACTCGGACAGACACGCACCAGCACACGTGTACAGGCACACATGCAGACGTGTGCACACATGTACATGGAGACACAGGCACCTACCCACACGG,C	no_flip	NA	1	1516567	chr1	1516567	CACACCTGGCTAATTTTTATATTTTTAGTAGAGTCGGGGTTTCACCATGTTGGCCAGCCTGGTCTTGAACTCCTGACTTCAAGTGATCCACCTGCCTCGGCCTCCCAAAGTGCTGGGATTACAGGCTTGTGCCACTGTGCCTGCCTTGTTTCATATTATTATTTTTTTATAGACAGAGTCTTAGTCTGTCTTCCAGGCCGGTGTGCAGTGGCGTGATCTCAGCTCACCGCAACCTCTACCTCCCGGGTTCAACCTCTTTCCTCAGCCTCCGAGCAGCTGGGACTACAAGAGCCCGCCACCACATCTGGCTAATTTTTGTATTTTTAGTAGAGATGGGGTTTCACCATGTTGTTCAGGCTGGTCTCGAACTACTAACCTCAGTTGATCCACCCACTTTGGCCTCCCAAAGTGCTGGGATTATAAGCGAGAGCCGTCGCACCCGGTCCACTCAGCAGGATTCCTAAAATAAGCATGAGCTCTGCCCTCAGTGCAGTCCAAAAGGGGGTGTCCGGCCTCCCTCCCGGGGGGCCTTCGCGGGCTTCTGCTGGTGCTTCTGTGCCTGTGGGTCTGGATTCCTCCAGGGCCTGATCCTGGGTGCAGATGCGGCTGGAAGCCCTGAGCCTGCTGCACACACTAGTCTGGGCATGGAGTCTCTGCCGTGCCGGAGCCGTGCAGACACAGGAGCGGCTGTCAGGCAGTGCCAGCCCTGAGCAAGTGCCAGCTGGTGAGTGCTGTGCTCTGCAGGAGTATGAGGCCGCCGTGGAGCAGCTCAAGAGCGAGCAGATCCGGGCGCAGGCTGAGGAGAGGAGGAAGACCCTGAGCGAGGAGACCCGGCAGCACCAGGCCGTAAGAGCGCAAGAGGCCGCGAGGGAGGCCGCCCGGCTGCGGGGAGCGGCCTGGGGCAGGACTGGGAGCTGGGTGTGGTCCCGGGGCACTCTGGAGTCAGCCATTAGAGCTGCCCTCGGAACGGCCTTGCACAAACGCCTAAGACCTGTAAGGTCCCTCACTGCTGAGCCGGACGGGAGGTCCCCGCGCCTCCCCACGTTTGTGTGAGGCTGATGGCGCGTCGGAGTCCCCGGCGCTCCGCCCAGTCGGCCCAGACTGCAGCTCCCGGCTGAGATGTGTCTTTGCCGCCCTCTTCTCCCCCAGAGGGCCCAGTATCAAGACAAGCTGGCCCGGCAGCGCTACGAGGACCAACTGAAGCAGCAGGTGAGCTCAGCCTCCCCTGCGAGGCGCCTGCGTCCCTGAGAACGTAGGTGGCTTTGTGGGACCAGTCAGTGGGTCAGAGGCCACGGGGCAAGAACGCTGGGGTTGCTGACGGTGGGTGCTAGAGCAGGGGAAACTACTCGGACAGACACGCACCAGCACACGTGTACAGGCACACATGCAGACGTGTGCACACATGTACATGGAGACACAGGCACCTACCCACACGG	C	TRUE	TRUE
UNIQUE	1	1453094	A,C	no_flip	NA	1	1516567	chr1	1517714	A	C	FALSE	TRUE
UNIQUE	1	1454326	GGAAGCAGGAGGAGTCCGTGCA,G	no_flip	NA	1	1518946	chr1	1518946	GGAAGCAGGAGGAGTCCGTGCA	G	TRUE	TRUE
UNIQUE	1	1454346	C,T	no_flip	NA	1	1518946	chr1	1518966	C	T	FALSE	TRUE
UNIQUE	1	1454367	C,T	no_flip	NA	1	1518987	chr1	1518987	C	T	TRUE	TRUE
UNIQUE	1	1455568	C,T	no_flip	NA	1	1520188	chr1	1520188	C	T	TRUE	TRUE
UNIQUE	1	1455664	C,T	no_flip	NA	1	1520284	chr1	1520284	C	T	TRUE	TRUE
UNIQUE	1	2160554	G,A	no_flip	NA	1	2229115	chr1	2229115	G	A	TRUE	TRUE
UNIQUE	1	2160554	G,C	no_flip	NA	1	2229115	chr1	2229115	G	C	TRUE	TRUE
UNIQUE	1	2238115	AA,GT	no_flip	NA	1	2306676	chr1	2306676	AA	GT	TRUE	TRUE
UNIQUE	1	3347503	GTGGAGGAGGAGGACGACGATGACC,G	no_flip	NA	1	3430939	chr1	3430939	GTGGAGGAGGAGGACGACGATGACC	G	TRUE	TRUE
UNIQUE	1	3347507	AGGAGGAGGACGACGATGACCT,A	no_flip	NA	1	3430939	chr1	3430943	AGGAGGAGGACGACGATGACCT	A	FALSE	TRUE
UNIQUE	1	3347508	G,C	no_flip	NA	1	3430939	chr1	3430944	G	C	FALSE	TRUE
UNIQUE	1	5934538	AT,CA	no_flip	NA	1	5874478	chr1	5874478	AT	CA	TRUE	TRUE
UNIQUE	1	6533106	ATCCTCGTCT,A	no_flip	NA	1	6473046	chr1	6473046	ATCCTCGTCT	A	TRUE	TRUE
UNIQUE	1	6533106	ATCCTCGTCTTCATCGTACTCC,A	no_flip	NA	1	6473046	chr1	6473046	ATCCTCGTCTTCATCGTACTCC	A	TRUE	TRUE
UNIQUE	1	6533110	TCGTCTTCATCGTACTCCTCCTCCCAGGA,T	no_flip	NA	1	6473046	chr1	6473050	TCGTCTTCATCGTACTCCTCCTCCCAGGA	T	FALSE	TRUE
UNIQUE	1	6533111	C,T	no_flip	NA	1	6473046	chr1	6473051	C	T	FALSE	TRUE
UNIQUE	1	6533111	C,G	no_flip	NA	1	6473046	chr1	6473051	C	G	FALSE	TRUE
UNIQUE	1	6533111	C,CGTCTTCA	no_flip	NA	1	6473046	chr1	6473051	C	CGTCTTCA	FALSE	TRUE
UNIQUE	1	7527939	G,A	no_flip	NA	1	7467879	chr1	7467879	G	A	TRUE	TRUE
